Workbook

Sheet Dashboard
A1: ISO/IEC 27001:2022 Gap Analysis — Dashboard
A2: Meridian Trust Financial Services (fictional portfolio project)
A4: Risk Rating Distribution | D4: Maturity Summary
A5: Rating | B5: Count | D5: Metric | E5: Value
A6: Critical | B6: =COUNTIF('Gap Analysis'!$L$4:$L$16,A6) -> 1 | D6: Avg. Current Maturity | E6: =ROUND(AVERAGE('Gap Analysis'!$F$4:$F$16),2) -> 1.92
A7: High | B7: =COUNTIF('Gap Analysis'!$L$4:$L$16,A7) -> 5 | D7: Avg. Target Maturity | E7: =ROUND(AVERAGE('Gap Analysis'!$G$4:$G$16),2) -> 3.38
A8: Medium | B8: =COUNTIF('Gap Analysis'!$L$4:$L$16,A8) -> 5 | D8: Avg. Maturity Gap | E8: =ROUND(AVERAGE('Gap Analysis'!$H$4:$H$16),2) -> 1.46
A9: Low | B9: =COUNTIF('Gap Analysis'!$L$4:$L$16,A9) -> 2 | D9: Avg. Maturity — Access Control | E9: =ROUND(AVERAGEIF('Gap Analysis'!$C$4:$C$16,"Access Control",'Gap Analysis'!$F$4:$F$16),2) -> 2.25
D10: Avg. Maturity — Supplier Relationships | E10: =ROUND(AVERAGEIF('Gap Analysis'!$C$4:$C$16,"Supplier Relationships",'Gap Analysis'!$F$4:$F$16),2) -> 1.4
A11: Total Controls Assessed | B11: =COUNTA('Gap Analysis'!$A$4:$A$16) -> 13
A28: Legend: Risk Rating = Maturity Gap × Business Impact Weight. See docs/02-methodology.md for scoring detail.

Sheet Lookup
A1: Business Impact | B1: Weight | D1: Min Score | E1: Max Score | F1: Rating | H1: Status Options | J1: Maturity Scale
A2: High | B2: 3 | D2: 9 | E2: 15 | F2: Critical | H2: Not Started | J2: 0 | K2: Not Implemented
A3: Medium | B3: 2 | D3: 6 | E3: 8 | F3: High | H3: In Progress | J3: 1 | K3: Ad Hoc
A4: Low | B4: 1 | D4: 3 | E4: 5 | F4: Medium | H4: Complete | J4: 2 | K4: Repeatable
D5: 0 | E5: 2 | F5: Low | J5: 3 | K5: Defined
J6: 4 | K6: Managed
J7: 5 | K7: Optimized

Sheet Gap Analysis
A1: ISO/IEC 27001:2022 Gap Analysis — Access Control & Supplier Relationship Domains
A2: Meridian Trust Financial Services (fictional) | Assessment Date: 2026-07-04 | Assessor: GRC Analyst
A3: Control ID | B3: Control Name | C3: Domain | D3: Current State / Evidence | E3: Identified Gap | F3: Current Maturity | G3: Target Maturity | H3: Maturity Gap | I3: Business Impact | J3: Impact Weight | K3: Risk Score | L3: Risk Rating | M3: Recommended Remediation | N3: Owner | O3: Target Date | P3: Status
A4: A.5.15 | B4: Access Control | C4: Access Control | D4: Role-based access enforced in the core lending platform via AWS IAM groups. No formal, approved Access Control Policy document exists; onboarding/offboarding access requests are handled ad hoc by IT via Slack messages. | E4: No approved, documented Access Control Policy defining access principles (least privilege, need-to-know), request/approval workflow, or periodic review cadence. | F4: 2 | G4: 3 | H4: =G4-F4 -> 1 | I4: High | J4: =VLOOKUP(I4,Lookup!$A$2:$B$4,2,FALSE()) -> 3 | K4: =H4*J4 -> 3 | L4: =IF(K4>=Lookup!$D$2,Lookup!$F$2,IF(K4>=Lookup!$D$3,Lookup!$F$3,IF(K4>=Lookup!$D$4,Lookup!$F$4,Lookup!$F$5))) -> Medium | M4: Draft and obtain executive approval for an Access Control Policy aligned to ISO/IEC 27002:2022 guidance; move access requests into the IT ticketing system with a documented approval workflow. | N4: IT Manager | O4: 2026-10-01 | P4: Not Started
A5: A.5.16 | B5: Identity Management | C5: Access Control | D5: Azure AD serves as the central identity provider for all SaaS and core platform accounts. A documented Joiner-Mover-Leaver (JML) procedure is maintained jointly by HR Ops and IT. | E5: Minor: the JML procedure has not been formally reviewed in over 12 months and has no scheduled review cadence. | F5: 3 | G5: 3 | H5: =G5-F5 -> 0 | I5: Medium | J5: =VLOOKUP(I5,Lookup!$A$2:$B$4,2,FALSE()) -> 2 | K5: =H5*J5 -> 0 | L5: =IF(K5>=Lookup!$D$2,Lookup!$F$2,IF(K5>=Lookup!$D$3,Lookup!$F$3,IF(K5>=Lookup!$D$4,Lookup!$F$4,Lookup!$F$5))) -> Low | M5: Add the JML procedure to the annual policy review calendar; assign a named document owner. | N5: HR Ops Lead | O5: 2026-09-01 | P5: Not Started
A6: A.5.17 | B6: Authentication Information | C6: Access Control | D6: Password policy enforced via Azure AD Conditional Access (minimum length, complexity, expiry). Shared service-account credentials for the payment processor integration are stored in a shared spreadsheet accessible to the full IT team. | E6: No secrets management solution in place; shared/service account credentials are not vaulted, rotated, or individually attributable. | F6: 2 | G6: 4 | H6: =G6-F6 -> 2 | I6: High | J6: =VLOOKUP(I6,Lookup!$A$2:$B$4,2,FALSE()) -> 3 | K6: =H6*J6 -> 6 | L6: =IF(K6>=Lookup!$D$2,Lookup!$F$2,IF(K6>=Lookup!$D$3,Lookup!$F$3,IF(K6>=Lookup!$D$4,Lookup!$F$4,Lookup!$F$5))) -> High | M6: Deploy a secrets management solution (e.g., Azure Key Vault) for all service account and API credentials; retire the shared spreadsheet and rotate exposed credentials. | N6: IT Manager | O6: 2026-09-15 | P6: Not Started
A7: A.5.18 | B7: Access Rights | C7: Access Control | D7: Access is provisioned based on role at hire. No periodic (e.g., quarterly) access recertification process exists; the last full access review was informal and undocumented, approximately 14 months ago. | E7: No formal, recurring access review/recertification process with an auditable sign-off trail. | F7: 2 | G7: 3 | H7: =G7-F7 -> 1 | I7: High | J7: =VLOOKUP(I7,Lookup!$A$2:$B$4,2,FALSE()) -> 3 | K7: =H7*J7 -> 3 | L7: =IF(K7>=Lookup!$D$2,Lookup!$F$2,IF(K7>=Lookup!$D$3,Lookup!$F$3,IF(K7>=Lookup!$D$4,Lookup!$F$4,Lookup!$F$5))) -> Medium | M7: Implement quarterly access recertification for all systems in scope, with sign-off tracked and archived in the ticketing system. | N7: IT Manager | O7: 2026-10-15 | P7: Not Started
A8: A.8.2 | B8: Privileged Access Rights | C8: Access Control | D8: 8 IT staff hold standing AWS admin-equivalent access. No privileged access management (PAM) tooling is in use; there is no just-in-time elevation and no session recording for privileged activity. | E8: No PAM solution; excessive standing privileged access; no monitoring or logging of privileged sessions. | F8: 1 | G8: 4 | H8: =G8-F8 -> 3 | I8: High | J8: =VLOOKUP(I8,Lookup!$A$2:$B$4,2,FALSE()) -> 3 | K8: =H8*J8 -> 9 | L8: =IF(K8>=Lookup!$D$2,Lookup!$F$2,IF(K8>=Lookup!$D$3,Lookup!$F$3,IF(K8>=Lookup!$D$4,Lookup!$F$4,Lookup!$F$5))) -> Critical | M8: Implement a PAM solution for just-in-time privileged access elevation; reduce standing admin accounts to a documented minimum; enable session logging and alerting for privileged activity. | N8: IT Manager | O8: 2026-11-01 | P8: Not Started
A9: A.8.3 | B9: Information Access Restriction | C9: Access Control | D9: Application-level access is restricted through role-based permissions within the core lending platform; database access is restricted to the DBA team via least-privilege AWS IAM roles. | E9: Minor: access restriction rules are not documented in a formal access control matrix, relying instead on institutional knowledge. | F9: 3 | G9: 3 | H9: =G9-F9 -> 0 | I9: Medium | J9: =VLOOKUP(I9,Lookup!$A$2:$B$4,2,FALSE()) -> 2 | K9: =H9*J9 -> 0 | L9: =IF(K9>=Lookup!$D$2,Lookup!$F$2,IF(K9>=Lookup!$D$3,Lookup!$F$3,IF(K9>=Lookup!$D$4,Lookup!$F$4,Lookup!$F$5))) -> Low | M9: Document the current access restriction model in a formal, maintained access control matrix. | N9: IT Manager | O9: 2026-09-01 | P9: Not Started
A10: A.8.4 | B10: Access to Source Code | C10: Access Control | D10: Source code is hosted in GitHub Enterprise Cloud with repository access managed via GitHub Teams. During interviews, two former contractors' accounts were found still active with repository access. | E10: The offboarding process does not reliably revoke source code repository access; no periodic review of GitHub organization membership exists. | F10: 2 | G10: 4 | H10: =G10-F10 -> 2 | I10: High | J10: =VLOOKUP(I10,Lookup!$A$2:$B$4,2,FALSE()) -> 3 | K10: =H10*J10 -> 6 | L10: =IF(K10>=Lookup!$D$2,Lookup!$F$2,IF(K10>=Lookup!$D$3,Lookup!$F$3,IF(K10>=Lookup!$D$4,Lookup!$F$4,Lookup!$F$5))) -> High | M10: Add GitHub org access revocation as a mandatory step on the JML offboarding checklist; conduct a quarterly review of GitHub organization membership. | N10: Engineering Lead | O10: 2026-08-15 | P10: In Progress
A11: A.8.5 | B11: Secure Authentication | C11: Access Control | D11: MFA is enforced organization-wide via Azure AD Conditional Access for all SaaS applications and VPN access. The core lending platform's admin console does not currently enforce MFA due to a legacy integration constraint. | E11: One critical system (core platform admin console) lacks MFA enforcement. | F11: 3 | G11: 4 | H11: =G11-F11 -> 1 | I11: High | J11: =VLOOKUP(I11,Lookup!$A$2:$B$4,2,FALSE()) -> 3 | K11: =H11*J11 -> 3 | L11: =IF(K11>=Lookup!$D$2,Lookup!$F$2,IF(K11>=Lookup!$D$3,Lookup!$F$3,IF(K11>=Lookup!$D$4,Lookup!$F$4,Lookup!$F$5))) -> Medium | M11: Prioritize MFA enablement for the core platform admin console; if a vendor fix is not near-term, apply compensating controls (IP allow-listing, reduced session timeout) in the interim. | N11: IT Manager | O11: 2026-08-01 | P11: In Progress
A12: A.5.19 | B12: Info. Security in Supplier Relationships | C12: Supplier Relationships | D12: No formal supplier information security due diligence process exists. Vendor selection is driven by procurement and cost criteria without a security questionnaire or risk tiering step. | E12: No documented supplier security risk assessment process; vendors are not risk-tiered based on data access or criticality. | F12: 1 | G12: 3 | H12: =G12-F12 -> 2 | I12: High | J12: =VLOOKUP(I12,Lookup!$A$2:$B$4,2,FALSE()) -> 3 | K12: =H12*J12 -> 6 | L12: =IF(K12>=Lookup!$D$2,Lookup!$F$2,IF(K12>=Lookup!$D$3,Lookup!$F$3,IF(K12>=Lookup!$D$4,Lookup!$F$4,Lookup!$F$5))) -> High | M12: Implement a vendor risk tiering model and a standardized security due diligence questionnaire (e.g., SIG Lite) for new and existing suppliers. | N12: GRC Analyst | O12: 2026-10-01 | P12: Not Started
A13: A.5.20 | B13: Info. Security in Supplier Agreements | C13: Supplier Relationships | D13: The standard vendor contract template includes a generic confidentiality clause. No standardized information security schedule/exhibit covers breach notification timelines, right-to-audit, or data handling requirements. | E13: Contracts lack a standardized security and data protection schedule with enforceable terms (e.g., 72-hour breach notification, audit rights). | F13: 2 | G13: 3 | H13: =G13-F13 -> 1 | I13: High | J13: =VLOOKUP(I13,Lookup!$A$2:$B$4,2,FALSE()) -> 3 | K13: =H13*J13 -> 3 | L13: =IF(K13>=Lookup!$D$2,Lookup!$F$2,IF(K13>=Lookup!$D$3,Lookup!$F$3,IF(K13>=Lookup!$D$4,Lookup!$F$4,Lookup!$F$5))) -> Medium | M13: Develop a standard Information Security Exhibit for vendor contracts; work with Legal to retroactively amend agreements with top-tier vendors (payment processor, KYC/AML vendor). | N13: GRC Analyst | O13: 2026-11-15 | P13: Not Started
A14: A.5.21 | B14: Managing Info. Security in ICT Supply Chain | C14: Supplier Relationships | D14: No visibility exists into sub-processors used by the KYC/AML screening vendor or the payment processor. Vendor contracts do not require disclosure of fourth-party relationships. | E14: No ICT supply chain risk management process; fourth-party risk is currently unmanaged. | F14: 1 | G14: 3 | H14: =G14-F14 -> 2 | I14: Medium | J14: =VLOOKUP(I14,Lookup!$A$2:$B$4,2,FALSE()) -> 2 | K14: =H14*J14 -> 4 | L14: =IF(K14>=Lookup!$D$2,Lookup!$F$2,IF(K14>=Lookup!$D$3,Lookup!$F$3,IF(K14>=Lookup!$D$4,Lookup!$F$4,Lookup!$F$5))) -> Medium | M14: Require key vendors to disclose sub-processors as part of onboarding and annual review; add fourth-party risk review to the vendor assessment cycle. | N14: GRC Analyst | O14: 2026-12-01 | P14: Not Started
A15: A.5.22 | B15: Monitoring & Review of Supplier Services | C15: Supplier Relationships | D15: No periodic vendor security review process exists. Vendor SOC 2 reports, where available, are collected at onboarding but are not reviewed on a recurring basis. | E15: No ongoing vendor monitoring cadence; SOC 2/attestation reports are not reviewed annually and risk tiers are never reassessed. | F15: 1 | G15: 3 | H15: =G15-F15 -> 2 | I15: High | J15: =VLOOKUP(I15,Lookup!$A$2:$B$4,2,FALSE()) -> 3 | K15: =H15*J15 -> 6 | L15: =IF(K15>=Lookup!$D$2,Lookup!$F$2,IF(K15>=Lookup!$D$3,Lookup!$F$3,IF(K15>=Lookup!$D$4,Lookup!$F$4,Lookup!$F$5))) -> High | M15: Establish an annual vendor security review cycle that includes SOC 2 report review and risk-tier reassessment for all Tier 1 and Tier 2 vendors. | N15: GRC Analyst | O15: 2026-11-01 | P15: Not Started
A16: A.5.23 | B16: Info. Security for Use of Cloud Services | C16: Supplier Relationships | D16: AWS is the primary cloud provider. IT has an informal understanding of the Shared Responsibility Model, but there is no documented Cloud Security Policy, no CSPM tooling, and S3 bucket configurations are reviewed manually and infrequently. | E16: No formal Cloud Security Policy; no automated cloud security posture monitoring; manual, infrequent configuration reviews create configuration-drift risk. | F16: 2 | G16: 4 | H16: =G16-F16 -> 2 | I16: High | J16: =VLOOKUP(I16,Lookup!$A$2:$B$4,2,FALSE()) -> 3 | K16: =H16*J16 -> 6 | L16: =IF(K16>=Lookup!$D$2,Lookup!$F$2,IF(K16>=Lookup!$D$3,Lookup!$F$3,IF(K16>=Lookup!$D$4,Lookup!$F$4,Lookup!$F$5))) -> High | M16: Adopt a CSPM tool for continuous AWS configuration monitoring; document a Cloud Security Policy covering the shared responsibility model, encryption standards, and configuration baselines. | N16: IT Manager | O16: 2026-10-15 | P16: Not Started
